{
  "epoch": [
    1,
    2,
    3,
    4,
    5
  ],
  "train_loss": [
    2.1066292591094973,
    1.6718521656036376,
    1.2521823846817017,
    0.879296662902832,
    0.5301779844284058
  ],
  "retain_acc": [
    0.8464444444444444,
    0.8316666666666667,
    0.8318888888888889,
    0.844,
    0.8507777777777777
  ],
  "forget_acc": [
    0.132,
    0.084,
    0.061,
    0.087,
    0.066
  ]
}