{
  "epoch": [
    1,
    2,
    3,
    4,
    5
  ],
  "train_loss": [
    2.077923062133789,
    1.6340612861633301,
    1.2280541055679322,
    0.8532046621322632,
    0.49572138442993163
  ],
  "retain_acc": [
    0.818,
    0.8261111111111111,
    0.819,
    0.8384444444444444,
    0.8284444444444444
  ],
  "forget_acc": [
    0.121,
    0.162,
    0.134,
    0.098,
    0.119
  ]
}