{
  "epoch": [
    1,
    2,
    3,
    4,
    5
  ],
  "train_loss": [
    2.3522465656280516,
    1.8637719686508178,
    1.4252540456771852,
    1.0303094999313354,
    0.6381123567581177
  ],
  "retain_acc": [
    0.8354444444444444,
    0.8506666666666667,
    0.8447777777777777,
    0.833,
    0.8407777777777777
  ],
  "forget_acc": [
    0.096,
    0.055,
    0.056,
    0.032,
    0.018
  ]
}