{
  "epoch": [
    1,
    2,
    3,
    4,
    5
  ],
  "train_loss": [
    2.053416294288635,
    1.6012421421051026,
    1.2202255237579345,
    0.8445950576782226,
    0.4822825017929077
  ],
  "retain_acc": [
    0.8391111111111111,
    0.8398888888888889,
    0.844,
    0.8377777777777777,
    0.8523333333333334
  ],
  "forget_acc": [
    0.142,
    0.099,
    0.109,
    0.056,
    0.08
  ]
}