{
  "epoch": [
    1,
    2,
    3,
    4,
    5
  ],
  "train_loss": [
    0.23104419813156127,
    0.22054912705421448,
    0.1999204392671585,
    0.19571804223060607,
    0.18595688428878784
  ],
  "retain_acc": [
    0.8358888888888889,
    0.8176666666666667,
    0.8433333333333334,
    0.8381111111111111,
    0.8485555555555555
  ],
  "forget_acc": [
    0.092,
    0.068,
    0.073,
    0.1,
    0.123
  ]
}