{
  "epoch": [
    1,
    2,
    3,
    4,
    5
  ],
  "train_loss": [
    2.108604314804077,
    1.6860225818634034,
    1.2924585697174071,
    0.9190908924102783,
    0.5470778934478759
  ],
  "retain_acc": [
    0.8437777777777777,
    0.8302222222222222,
    0.8443333333333334,
    0.8283333333333334,
    0.8303333333333334
  ],
  "forget_acc": [
    0.138,
    0.072,
    0.12,
    0.094,
    0.136
  ]
}