{
  "epoch": [
    1,
    2,
    3,
    4,
    5
  ],
  "train_loss": [
    2.05325984954834,
    1.5887335475921631,
    1.2009925832748414,
    0.8214504034042358,
    0.46151481075286865
  ],
  "retain_acc": [
    0.8421111111111111,
    0.8398888888888889,
    0.8444444444444444,
    0.8431111111111111,
    0.8452222222222222
  ],
  "forget_acc": [
    0.121,
    0.149,
    0.099,
    0.174,
    0.122
  ]
}