{
  "epoch": [
    1,
    2,
    3,
    4,
    5
  ],
  "train_loss": [
    1.1647461500167846,
    0.9495325853347778,
    0.7423210844039917,
    0.5491052283287048,
    0.36183758730888366
  ],
  "retain_acc": [
    0.845,
    0.8446666666666667,
    0.8154444444444444,
    0.8312222222222222,
    0.8324444444444444
  ],
  "forget_acc": [
    0.118,
    0.081,
    0.044,
    0.117,
    0.066
  ]
}