{
  "epoch": [
    1,
    2,
    3,
    4,
    5
  ],
  "train_loss": [
    2.0446544540405274,
    1.5795915782928467,
    1.1803384855270387,
    0.7881501564025879,
    0.4429289405345917
  ],
  "retain_acc": [
    0.8444444444444444,
    0.8443333333333334,
    0.8428888888888889,
    0.839,
    0.8467777777777777
  ],
  "forget_acc": [
    0.089,
    0.089,
    0.089,
    0.036,
    0.019
  ]
}