{
  "epoch": [
    1,
    2,
    3,
    4,
    5
  ],
  "train_loss": [
    1.9921151943206787,
    1.5782650777816774,
    1.1705457927703857,
    0.7947061657905579,
    0.42784961595535276
  ],
  "retain_acc": [
    0.8411111111111111,
    0.8372222222222222,
    0.8323333333333334,
    0.8142222222222222,
    0.8325555555555556
  ],
  "forget_acc": [
    0.126,
    0.078,
    0.081,
    0.08,
    0.076
  ]
}