{
  "epoch": [
    1,
    2,
    3,
    4,
    5
  ],
  "train_loss": [
    4.840924664306641,
    3.6035823722839355,
    2.617860266113281,
    1.7570254154205323,
    0.9450015588760377
  ],
  "retain_acc": [
    0.8506666666666667,
    0.8421111111111111,
    0.8421111111111111,
    0.8566666666666667,
    0.8527777777777777
  ],
  "forget_acc": [
    0.1,
    0.112,
    0.075,
    0.088,
    0.095
  ]
}