{
  "epoch": [
    1,
    2,
    3,
    4,
    5
  ],
  "train_loss": [
    0.7972092458724975,
    0.665540309047699,
    0.5335678647994995,
    0.41127311205863953,
    0.2922702753067017
  ],
  "retain_acc": [
    0.8492222222222222,
    0.8517777777777777,
    0.8146666666666667,
    0.8604444444444445,
    0.8386666666666667
  ],
  "forget_acc": [
    0.152,
    0.111,
    0.078,
    0.184,
    0.157
  ]
}