{
  "epoch": [
    1,
    2,
    3,
    4,
    5
  ],
  "train_loss": [
    3.1341979961395263,
    2.1616570894241334,
    1.5981598136901856,
    1.0627635988235473,
    0.6894887824058533
  ],
  "retain_acc": [
    0.8461111111111111,
    0.8544444444444445,
    0.8547777777777777,
    0.829,
    0.8438888888888889
  ],
  "forget_acc": [
    0.152,
    0.125,
    0.131,
    0.147,
    0.129
  ]
}