{
  "epoch": [
    1,
    2,
    3,
    4,
    5,
    6,
    7,
    8
  ],
  "train_loss": [
    2.113401647949219,
    1.8075844232559204,
    1.5253282997131348,
    1.2458337644577027,
    1.025432631778717,
    0.7899982905387879,
    0.5844883597373962,
    0.3608931906223297
  ],
  "retain_acc": [
    0.824,
    0.8485555555555555,
    0.8412222222222222,
    0.8315555555555556,
    0.839,
    0.8475555555555555,
    0.8425555555555555,
    0.8356666666666667
  ],
  "forget_acc": [
    0.098,
    0.169,
    0.085,
    0.092,
    0.074,
    0.079,
    0.09,
    0.1
  ]
}