{
  "epoch": [
    1,
    2,
    3,
    4,
    5
  ],
  "train_loss": [
    2.1117464462280275,
    1.6781347206115722,
    1.2631219825744628,
    0.8955332935333252,
    0.5186652729034423
  ],
  "retain_acc": [
    0.8512222222222222,
    0.8442222222222222,
    0.8401111111111111,
    0.8407777777777777,
    0.8394444444444444
  ],
  "forget_acc": [
    0.126,
    0.122,
    0.104,
    0.127,
    0.064
  ]
}