{
  "epoch": [
    1,
    2,
    3,
    4,
    5
  ],
  "train_loss": [
    0.7013903849601746,
    0.5882701966285706,
    0.47146663484573365,
    0.37305901613235476,
    0.27687208588123324
  ],
  "retain_acc": [
    0.8298888888888889,
    0.8428888888888889,
    0.8374444444444444,
    0.8537777777777777,
    0.8307777777777777
  ],
  "forget_acc": [
    0.075,
    0.102,
    0.095,
    0.17,
    0.069
  ]
}