{
  "epoch": [
    1,
    2,
    3,
    4,
    5
  ],
  "train_loss": [
    0.36717149925231934,
    0.3281340380191803,
    0.2838243512392044,
    0.24668183176517486,
    0.2106133871793747
  ],
  "retain_acc": [
    0.8532222222222222,
    0.836,
    0.8447777777777777,
    0.8455555555555555,
    0.8426666666666667
  ],
  "forget_acc": [
    0.12,
    0.081,
    0.128,
    0.118,
    0.111
  ]
}