{
  "epoch": [
    1,
    2,
    3,
    4,
    5
  ],
  "train_loss": [
    3.9253173622131348,
    3.005456314468384,
    2.2241166473388674,
    1.4919439096450806,
    0.8376301998138428
  ],
  "retain_acc": [
    0.848,
    0.8456666666666667,
    0.8476666666666667,
    0.8336666666666667,
    0.8511111111111112
  ],
  "forget_acc": [
    0.123,
    0.109,
    0.094,
    0.135,
    0.147
  ]
}