{
  "epoch": [
    1,
    2,
    3,
    4,
    5
  ],
  "train_loss": [
    2.0342396991729736,
    1.5480285636901856,
    1.1572172342300415,
    0.7971872629165649,
    0.42292998332977294
  ],
  "retain_acc": [
    0.8514444444444444,
    0.8458888888888889,
    0.8403333333333334,
    0.847,
    0.8322222222222222
  ],
  "forget_acc": [
    0.111,
    0.047,
    0.017,
    0.004,
    0.002
  ]
}