{
  "epoch": [
    1,
    2,
    3,
    4,
    5
  ],
  "train_loss": [
    1.9646134315490722,
    1.5681460126876832,
    1.1812595979690552,
    0.8074891882896423,
    0.4415426763057709
  ],
  "retain_acc": [
    0.8434444444444444,
    0.8411111111111111,
    0.843,
    0.8228888888888889,
    0.8273333333333334
  ],
  "forget_acc": [
    0.152,
    0.128,
    0.092,
    0.079,
    0.109
  ]
}