{
  "epoch": [
    1,
    2,
    3,
    4,
    5
  ],
  "train_loss": [
    2.079157302856445,
    1.6646950483322143,
    1.2709765600204468,
    0.8807452269554138,
    0.5268911712646485
  ],
  "retain_acc": [
    0.8583333333333333,
    0.8235555555555556,
    0.8567777777777777,
    0.8415555555555555,
    0.8312222222222222
  ],
  "forget_acc": [
    0.145,
    0.197,
    0.133,
    0.118,
    0.081
  ]
}