{
  "epoch": [
    1,
    2,
    3,
    4,
    5
  ],
  "train_loss": [
    2.1135150630950927,
    1.6695928840637206,
    1.257815574836731,
    0.8845618675231933,
    0.5217275276660919
  ],
  "retain_acc": [
    0.8333333333333334,
    0.8388888888888889,
    0.8405555555555555,
    0.8456666666666667,
    0.8316666666666667
  ],
  "forget_acc": [
    0.106,
    0.094,
    0.156,
    0.093,
    0.097
  ]
}