{
  "epoch": [
    1,
    2,
    3,
    4,
    5
  ],
  "train_loss": [
    2.5839200088500975,
    1.9601955604553223,
    1.4705536666870118,
    1.0421797059059144,
    0.6626757333755493
  ],
  "retain_acc": [
    0.846,
    0.841,
    0.8475555555555555,
    0.8415555555555555,
    0.8543333333333333
  ],
  "forget_acc": [
    0.087,
    0.105,
    0.144,
    0.071,
    0.118
  ]
}