{
  "epoch": [
    1,
    2,
    3,
    4,
    5
  ],
  "train_loss": [
    9.836161280822754,
    6.73118963470459,
    4.804748138427734,
    3.088071823120117,
    1.6045138862609862
  ],
  "retain_acc": [
    0.83,
    0.838,
    0.8432222222222222,
    0.8464444444444444,
    0.8387777777777777
  ],
  "forget_acc": [
    0.112,
    0.097,
    0.098,
    0.101,
    0.078
  ]
}