{
  "epoch": [
    1,
    2,
    3,
    4,
    5
  ],
  "train_loss": [
    2.100136296463013,
    1.6470437492370607,
    1.251893712234497,
    0.891763306427002,
    0.5230999934196472
  ],
  "retain_acc": [
    0.8397777777777777,
    0.8315555555555556,
    0.8366666666666667,
    0.8238888888888889,
    0.8495555555555555
  ],
  "forget_acc": [
    0.119,
    0.099,
    0.09,
    0.093,
    0.127
  ]
}