{
  "epoch": [
    1,
    2,
    3,
    4,
    5
  ],
  "train_loss": [
    2.1050953620910646,
    1.7178290872573851,
    1.3185519660949707,
    0.9397153339385986,
    0.5783299398422241
  ],
  "retain_acc": [
    0.8476666666666667,
    0.8241111111111111,
    0.8352222222222222,
    0.825,
    0.8264444444444444
  ],
  "forget_acc": [
    0.112,
    0.094,
    0.087,
    0.088,
    0.115
  ]
}