{
  "epoch": [
    1,
    2,
    3
  ],
  "train_loss": [
    2.1031791484832763,
    1.4407654760360717,
    0.7837182319641113
  ],
  "retain_acc": [
    0.8516666666666667,
    0.8435555555555555,
    0.8483333333333334
  ],
  "forget_acc": [
    0.099,
    0.134,
    0.131
  ]
}