{
  "epoch": [
    1,
    2,
    3,
    4,
    5
  ],
  "train_loss": [
    3.02596801071167,
    2.3420384342193605,
    1.7326254020690919,
    1.1924032350540161,
    0.6777783676147461
  ],
  "retain_acc": [
    0.8502222222222222,
    0.8554444444444445,
    0.8372222222222222,
    0.8284444444444444,
    0.8402222222222222
  ],
  "forget_acc": [
    0.135,
    0.145,
    0.121,
    0.084,
    0.073
  ]
}