{
  "epoch": [
    1,
    2,
    3,
    4,
    5
  ],
  "train_loss": [
    2.196670615386963,
    1.7278434284210205,
    1.3213687879562377,
    0.9461081729888916,
    0.5859298564910889
  ],
  "retain_acc": [
    0.8328888888888889,
    0.8461111111111111,
    0.8375555555555556,
    0.8514444444444444,
    0.8524444444444444
  ],
  "forget_acc": [
    0.115,
    0.093,
    0.065,
    0.097,
    0.079
  ]
}