{
  "epoch": [
    1,
    2
  ],
  "train_loss": [
    2.118777467346191,
    1.1167073135375976
  ],
  "retain_acc": [
    0.8236666666666667,
    0.8468888888888889
  ],
  "forget_acc": [
    0.04,
    0.1
  ]
}