{
  "epoch": [
    1,
    2,
    3,
    4,
    5
  ],
  "train_loss": [
    2.1142090724945066,
    1.6855576892852784,
    1.2453413466453551,
    0.8815014765739441,
    0.5253385882377625
  ],
  "retain_acc": [
    0.8196666666666667,
    0.8542222222222222,
    0.8385555555555556,
    0.841,
    0.8517777777777777
  ],
  "forget_acc": [
    0.093,
    0.107,
    0.104,
    0.147,
    0.11
  ]
}