{
  "epoch": [
    1,
    2,
    3,
    4,
    5
  ],
  "train_loss": [
    2.0245607837677,
    1.5952019790649414,
    1.1801283164978027,
    0.8121401075363159,
    0.45052045679092406
  ],
  "retain_acc": [
    0.8465555555555555,
    0.8278888888888889,
    0.8398888888888889,
    0.8378888888888889,
    0.8408888888888889
  ],
  "forget_acc": [
    0.123,
    0.093,
    0.108,
    0.136,
    0.08
  ]
}