{
  "epoch": [
    1,
    2,
    3,
    4,
    5,
    6,
    7,
    8,
    9,
    10
  ],
  "train_loss": [
    2.105693216705322,
    1.8531655632019044,
    1.6126594470977784,
    1.3787364051818847,
    1.188634836959839,
    0.9988310028076172,
    0.8248323634147644,
    0.647280659866333,
    0.46598783845901487,
    0.30661899213790894
  ],
  "retain_acc": [
    0.843,
    0.8502222222222222,
    0.8481111111111111,
    0.8491111111111111,
    0.8255555555555556,
    0.8442222222222222,
    0.852,
    0.8471111111111111,
    0.8456666666666667,
    0.8448888888888889
  ],
  "forget_acc": [
    0.123,
    0.103,
    0.103,
    0.114,
    0.058,
    0.056,
    0.1,
    0.052,
    0.1,
    0.06
  ]
}